City_ID,City,Lat,Lng,Max Temp,Humidity,Cloudiness,Wind Speed,Country,Date
0,sao joao da barra,-21.6403,-41.0511,21.44,91,57,4.25,BR,1694136336
1,blackmans bay,-43.0167,147.3167,15.94,49,2,2.55,AU,1694136496
2,chernyshevskiy,63.0128,112.4714,1.82,73,100,2.9,RU,1694136497
3,okha,53.5739,142.9478,17.21,76,100,8.41,RU,1694136497
4,ust-nera,64.5667,143.2,7.8,75,100,1.93,RU,1694136498
5,wailua homesteads,22.0669,-159.378,28.44,64,0,6.17,US,1694136498
6,agat village,13.3886,144.6585,30.2,90,40,2.06,GU,1694136498
7,adamstown,-25.066,-130.1015,18.85,72,54,7.33,PN,1694136499
8,saldanha,-33.0117,17.9442,6.03,87,91,3.64,ZA,1694136499
9,opuwo,-18.0607,13.84,18.01,53,61,1.56,NA,1694136500
10,sisimiut,66.9395,-53.6735,2.73,99,100,5.32,GL,1694136500
11,leava,-14.3,-178.1667,26.24,71,51,7.34,WF,1694136500
12,janossomorja,47.7862,17.136,18.44,53,0,1.55,HU,1694136501
13,port-aux-francais,-49.35,70.2167,3.4,78,65,19.39,TF,1694136501
14,jamestown,42.097,-79.2353,20.77,98,40,2.57,US,1694136379
15,bilibino,68.0546,166.4372,8.06,47,100,1.92,RU,1694136502
16,san sebastian de la gomera,28.0916,-17.1133,23.54,83,0,1.03,ES,1694136502
17,guatire,10.4762,-66.5427,25.11,98,100,0.85,VE,1694136503
18,grytviken,-54.2811,-36.5092,-2.19,81,100,6.84,GS,1694136503
19,port elizabeth,-33.918,25.5701,11.16,93,0,1.54,ZA,1694136504
20,kuna,43.4918,-116.4201,29.45,36,0,3.09,US,1694136504
21,margaret river,-33.95,115.0667,13.31,56,100,5.58,AU,1694136504
22,lyubashivka,47.8372,30.2598,12.42,43,0,3.27,UA,1694136505
23,malpica,43.3228,-8.8105,20.13,75,16,2.04,ES,1694136505
24,talnakh,69.4865,88.3972,4.56,56,90,0.97,RU,1694136505
25,harper,4.375,-7.7169,24.17,91,64,3.13,LR,1694136506
26,ust-tsilma,65.441,52.1498,8.25,96,100,3.46,RU,1694136506
27,college,64.8569,-147.8028,12.26,58,75,0.45,US,1694136507
28,waitangi,-43.9535,-176.5597,12.68,83,11,2.68,NZ,1694136507
29,kushiro,42.975,144.3747,20.53,56,40,4.12,JP,1694136507
30,saipan,15.1355,145.701,29.39,74,75,5.14,MP,1694136508
31,nagqu,31.5,92.0,3.29,91,100,1.37,CN,1694136508
32,geraldton,-28.7667,114.6,20.23,22,0,9.77,AU,1694136381
33,labasa,-16.4167,179.3833,27.63,48,68,2.76,FJ,1694136509
34,santa ana,33.7456,-117.8678,34.12,63,0,3.09,US,1694136226
35,avarua,-21.2078,-159.775,24.03,69,75,5.14,CK,1694136430
36,hamilton,39.1834,-84.5333,22.69,89,100,6.17,US,1694135839
37,mayya,61.7333,130.2811,2.62,61,100,4.13,RU,1694136511
38,punta arenas,-53.15,-70.9167,5.06,93,75,2.57,CL,1694136511
39,charters towers,-20.1,146.2667,28.78,45,8,3.1,AU,1694136511
40,haiku-pauwela,20.9219,-156.3051,28.01,64,20,8.23,US,1694136512
41,yasuj,30.6682,51.588,18.75,48,20,0.0,IR,1694136512
42,hadibu,12.65,54.0333,26.19,84,34,6.29,YE,1694136513
43,akureyri,65.6835,-18.0878,11.96,71,0,4.12,IS,1694136513
44,utrik,11.2278,169.8474,28.2,75,69,2.43,MH,1694136514
45,basoko,1.2391,23.616,22.71,83,38,1.08,CD,1694136514
46,bredasdorp,-34.5322,20.0403,8.87,94,11,1.37,ZA,1694136514
47,isafjordur,66.0755,-23.124,10.81,84,100,5.3,IS,1694136515
48,olonkinbyen,70.9221,-8.7187,5.83,99,100,5.39,SJ,1694136515
49,puerto natales,-51.7236,-72.4875,1.08,95,56,0.54,CL,1694136516
50,misratah,32.3754,15.0925,25.19,70,3,8.32,LY,1694136516
51,severo-yeniseyskiy,60.3725,93.0408,6.24,98,100,0.71,RU,1694136516
52,san felipe,10.3399,-68.7425,24.09,88,52,0.84,VE,1694136517
53,yellowknife,62.456,-114.3525,14.67,66,20,7.15,CA,1694136379
54,constantia,44.1833,28.65,20.39,64,31,6.62,RO,1694136343
55,mejit,10.2753,170.8646,28.26,74,19,1.62,MH,1694136518
56,ushuaia,-54.8,-68.3,4.81,87,20,4.63,AR,1694136518
57,raja,8.4596,25.678,21.69,96,100,1.75,SS,1694136519
58,rockland,41.1668,-74.0496,28.02,82,100,1.59,US,1694136519
59,longyearbyen,78.2186,15.6401,4.91,81,75,2.57,SJ,1694136520
60,pathein,16.7833,94.7333,25.26,95,100,2.28,MM,1694136520
61,thompson,55.7435,-97.8558,13.09,100,75,0.0,CA,1694136520
62,west island,-12.1568,96.8225,24.99,78,40,6.69,CC,1694136521
63,albany,42.6001,-73.9662,21.85,91,78,5.51,US,1694136521
64,edinburgh of the seven seas,-37.0676,-12.3116,9.21,65,97,14.58,SH,1694136522
65,hermanus,-34.4187,19.2345,11.56,85,7,3.44,ZA,1694136522
66,invercargill,-46.4,168.35,16.2,50,0,2.11,NZ,1694136387
67,acarau,-2.8856,-40.12,25.85,83,0,7.83,BR,1694136523
68,dudinka,69.4058,86.1778,4.79,61,74,2.98,RU,1694136523
69,isangel,-19.55,169.2667,27.06,61,75,4.12,VU,1694136524
70,baotou,40.6522,109.8222,19.71,59,99,0.96,CN,1694136524
71,tolanaro,-25.0319,46.9987,20.04,83,75,0.0,MG,1694136525
72,howrah,22.5892,88.3103,27.0,100,75,1.54,IN,1694136525
73,kenai,60.5544,-151.2583,10.64,89,100,3.6,US,1694136525
74,peniche,39.3558,-9.3811,22.38,90,13,3.62,PT,1694136526
75,tindouf,27.6711,-8.1474,31.25,30,40,6.17,DZ,1694136526
76,port mathurin,-19.6833,63.4167,22.89,70,6,5.7,MU,1694136527
77,ha giang,22.8333,104.9833,27.52,74,6,1.31,VN,1694136527
78,pisco,-13.7,-76.2167,19.03,77,0,4.12,PE,1694136527
79,hasaki,35.7333,140.8333,22.38,96,100,9.14,JP,1694136528
80,wuwei,37.9281,102.6414,18.4,55,96,1.03,CN,1694136528
81,ondjiva,-17.0667,15.7333,21.02,24,6,1.54,AO,1694136529
82,saint-philippe,-21.3585,55.7679,20.77,78,56,2.31,RE,1694136529
83,coquimbo,-29.9533,-71.3436,12.85,87,100,3.09,CL,1694136196
84,ribeira grande,38.5167,-28.7,20.99,80,91,2.68,PT,1694136530
85,galveston,29.3669,-94.9669,33.06,73,0,4.63,US,1694136530
86,badger,64.8,-147.5333,12.21,59,75,0.0,US,1694136531
87,hithadhoo,-0.6,73.0833,27.64,76,89,4.56,MV,1694136531
88,carnarvon,-24.8667,113.6333,22.34,34,0,6.29,AU,1694136531
89,kulhudhuffushi,6.6221,73.07,27.64,77,95,5.47,MV,1694136532
90,glendive,47.1053,-104.7125,24.79,25,0,5.14,US,1694136532
91,tazovsky,67.4667,78.7,6.57,63,14,1.47,RU,1694136532
92,stanley,54.868,-1.6985,14.33,94,94,0.51,GB,1694136533
93,lerwick,60.1545,-1.1494,15.0,96,100,6.03,GB,1694136533
94,diyadin,39.5406,43.6713,13.44,69,0,1.13,TR,1694136534
95,qaqortoq,60.7167,-46.0333,5.02,64,0,13.38,GL,1694136534
96,zouerate,22.7187,-12.4521,33.6,34,99,4.93,MR,1694136534
97,fort bragg,35.139,-79.006,28.91,70,75,3.6,US,1694136276
98,itamaraca,-7.7478,-34.8256,24.03,87,15,4.66,BR,1694136535
99,duba,27.3513,35.6901,34.53,30,0,5.39,SA,1694136536
100,quellon,-43.1167,-73.6167,8.14,93,100,1.03,CL,1694136536
101,capitao poco,-1.7464,-47.0594,23.49,85,13,2.74,BR,1694136536
102,ataq,14.5377,46.8319,24.44,66,3,2.41,YE,1694136537
103,quiruvilca,-7.9667,-78.2,6.93,70,99,1.31,PE,1694136537
104,dunedin,-45.8742,170.5036,16.15,49,0,4.59,NZ,1694136538
105,taulaga,-11.0553,-171.0883,27.54,76,95,2.85,AS,1694136539
106,iqaluit,63.7506,-68.5145,2.85,87,75,4.63,CA,1694136539
107,mount gambier,-37.8333,140.7667,7.77,73,100,9.44,AU,1694136540
108,whitehorse,60.7161,-135.0538,13.43,54,100,7.15,CA,1694136246
109,minas de marcona,-15.2119,-75.1103,12.4,88,63,6.66,PE,1694136541
110,kotel'nikovo,47.6317,43.1461,11.9,52,0,3.38,RU,1694136541
111,sinabang,2.4803,96.3801,27.01,78,99,0.61,ID,1694136541
112,dul'durga,50.6761,113.5931,14.01,50,100,4.13,RU,1694136542
113,greymouth,-42.4667,171.2,14.12,62,0,2.56,NZ,1694136542
114,afaahiti,-17.75,-149.2833,26.93,78,13,6.69,PF,1694136543
115,zintan,31.9223,12.252,18.37,80,0,3.89,LY,1694136543
116,port saint john's,-31.6229,29.5448,17.57,50,86,1.51,ZA,1694136543
117,kattivakkam,13.2167,80.3167,26.05,94,100,6.27,IN,1694136544
118,petropavlovsk-kamchatsky,53.0452,158.6483,21.33,53,75,8.0,RU,1694136544
119,puerto ayora,-0.7393,-90.3518,23.08,97,69,1.79,EC,1694136545
120,vadso,70.0744,29.7487,9.49,87,75,1.54,NO,1694136545
121,homestead meadows north,31.8496,-106.1729,37.71,15,20,2.57,US,1694136546
122,enewetak,11.3474,162.3373,28.53,72,7,1.76,MH,1694136546
123,ta'if,21.2703,40.4158,24.56,16,12,1.86,SA,1694136547
124,fortuna,40.5982,-124.1573,19.4,67,0,6.17,US,1694136547
125,bakanas,44.8081,76.2772,19.82,33,100,4.57,KZ,1694136547
126,placido de castro,-10.3353,-67.1856,28.75,32,5,0.63,BR,1694136548
127,port alfred,-33.5906,26.891,13.9,79,73,1.35,ZA,1694136548
128,kodiak,57.79,-152.4072,11.73,58,100,2.57,US,1694136549
129,qoryooley,1.7878,44.53,24.32,75,7,4.96,SO,1694136549
130,bethel,41.3712,-73.414,27.2,72,75,3.6,US,1694136370
131,pangody,65.85,74.4859,6.76,54,7,1.08,RU,1694136550
132,tugulym,57.0591,64.6425,9.07,79,10,2.43,RU,1694136550
133,wasco,35.5941,-119.341,34.68,22,0,2.06,US,1694136551
134,port blair,11.6667,92.75,26.02,94,75,1.54,IN,1694136551
135,belmonte,-15.8631,-38.8828,22.44,78,6,4.13,BR,1694136551
136,aasiaat,68.7098,-52.8699,2.3,93,100,9.16,GL,1694136552
137,kibre mengist,5.8833,38.9833,13.48,94,53,0.6,ET,1694136552
138,sitka,57.0531,-135.33,13.94,77,100,4.63,US,1694136552
139,howard springs,-12.497,131.047,31.01,40,30,1.15,AU,1694136553
140,feijo,-8.1642,-70.3536,27.59,41,29,0.32,BR,1694136554
141,antri,26.0567,78.2144,25.94,86,100,2.65,IN,1694136554
142,east ballina,-28.8667,153.5833,26.0,56,0,7.17,AU,1694136555
143,irymple,-34.25,142.1667,12.83,59,98,1.79,AU,1694136555
144,chiredzi,-21.05,31.6667,17.85,66,12,1.68,ZW,1694136555
145,usogorsk,63.4106,48.6872,9.65,98,100,3.21,RU,1694136556
146,olyokminsk,60.3736,120.4264,4.18,70,95,4.76,RU,1694136556
147,sorong,-0.8833,131.25,27.03,84,99,5.62,ID,1694136557
148,gidam,18.9833,81.4,23.18,98,100,1.87,IN,1694136557
149,vorkuta,67.5,64.0,9.8,75,100,1.95,RU,1694136557
150,wajir,1.7471,40.0573,24.31,65,0,6.3,KE,1694136558
151,broome,42.2506,-75.833,20.47,96,40,2.57,US,1694136558
152,forio,40.7342,13.8646,25.24,68,75,0.89,IT,1694136559
153,weno,7.4515,151.8468,30.97,74,40,2.57,FM,1694136559
154,steamboat springs,40.485,-106.8317,24.31,20,0,1.54,US,1694136560
155,mo i rana,66.3128,14.1428,13.51,93,100,1.54,NO,1694136560
156,beau vallon,-20.4189,57.6953,21.23,88,75,1.54,MU,1694136560
157,nuuk,64.1835,-51.7216,3.34,93,100,0.51,GL,1694136466
158,valparaiso,-33.0393,-71.6273,14.15,67,75,2.57,CL,1694136561
159,hawaiian paradise park,19.5933,-154.9731,28.73,73,40,4.63,US,1694136562
160,sur,22.5667,59.5289,27.05,69,72,4.29,OM,1694136562
161,uzgen,40.7699,73.3007,20.16,27,100,2.48,KG,1694136562
162,callaway,30.153,-85.5699,29.39,78,0,4.63,US,1694136563
163,pariaman,-0.619,100.12,26.03,77,100,0.98,ID,1694136563
164,estevan,49.1334,-102.9842,21.23,60,0,4.12,CA,1694136299
165,happy valley-goose bay,53.3168,-60.3315,6.17,93,100,4.63,CA,1694136494
166,puerto deseado,-47.7503,-65.8938,7.76,80,100,3.09,AR,1694136564
167,harran,36.86,39.0314,23.67,67,0,2.58,TR,1694136565
168,nemuro,43.3236,145.575,16.27,67,0,1.76,JP,1694136565
169,sao luiz gonzaga,-28.4083,-54.9608,19.29,99,100,5.0,BR,1694136487
170,papatowai,-46.5619,169.4708,15.6,51,0,3.5,NZ,1694136566
171,tiksi,71.6872,128.8694,3.04,90,100,8.86,RU,1694136566
172,jennings,38.7192,-90.2604,23.01,65,20,1.54,US,1694136567
173,bazarnyye mataki,54.8833,49.9333,5.89,96,30,3.19,RU,1694136567
174,la ronge,55.1001,-105.2842,14.14,67,40,2.57,CA,1694136567
175,mugia,43.1041,-9.2179,19.95,91,17,3.27,ES,1694136568
176,lebu,-37.6167,-73.65,10.04,89,100,1.37,CL,1694136568
177,anloga,5.7947,0.8973,25.25,90,16,6.09,GH,1694136569
178,villa gesell,-37.2639,-56.973,12.25,99,100,4.73,AR,1694136569
179,st. john's,47.5649,-52.7093,20.38,96,100,4.63,CA,1694136546
180,lihue,21.9789,-159.3672,28.77,65,0,6.17,US,1694136570
181,ilulissat,69.2167,-51.1,4.01,93,100,4.63,GL,1694136570
182,keflavik,64.0049,-22.5624,11.95,100,100,12.86,IS,1694136571
183,touros,-5.1989,-35.4608,25.05,80,6,6.85,BR,1694136571
184,urangan,-25.3,152.9,22.38,76,18,2.19,AU,1694136572
185,gizo,-8.103,156.8419,27.12,82,100,5.28,SB,1694136572
186,tura,25.5198,90.2201,24.48,93,100,1.86,IN,1694136572
187,rio grande,-32.035,-52.0986,15.53,97,100,11.64,BR,1694136573
188,koshki,54.2091,50.4677,5.47,97,12,2.78,RU,1694136573
189,changyon,38.2508,125.0961,25.71,68,31,1.21,KP,1694136574
190,palikir - national government center,6.9248,158.1611,31.41,70,75,4.12,FM,1694136574
191,mutuali,-14.8706,37.0044,18.83,63,1,1.34,MZ,1694136574
192,polyarnyy,69.1989,33.4478,7.68,84,86,4.84,RU,1694136575
193,la passe,45.5549,-0.8967,22.13,54,31,2.54,FR,1694136576
194,ayr,55.4627,-4.6339,17.99,94,0,2.06,GB,1694136576
195,ketchikan,55.3422,-131.6461,13.92,85,96,2.17,US,1694136576
196,ancud,-41.8697,-73.8203,8.46,86,100,4.33,CL,1694136577
197,road town,18.4167,-64.6167,29.05,70,40,4.63,VG,1694136454
198,choma,-16.8065,26.9531,17.04,37,0,1.69,ZM,1694136577
199,gwadar,25.1216,62.3254,25.95,86,14,4.09,PK,1694136578
200,san patricio,28.017,-97.5169,31.77,57,0,5.61,US,1694136578
201,ar ruways,24.1103,52.7306,31.88,50,0,4.71,AE,1694136579
202,vorgashor,67.5833,63.95,9.72,75,100,2.05,RU,1694136579
203,dryden,49.7833,-92.7503,11.16,82,0,2.06,CA,1694136579
204,nelson bay,-32.7167,152.15,17.83,74,100,8.05,AU,1694136580
205,santana,-0.0583,-51.1817,29.1,70,40,9.26,BR,1694136479
206,kpandu,6.9954,0.2931,23.64,93,17,2.98,GH,1694136580
207,gorontalo,0.5412,123.0595,30.73,46,13,2.09,ID,1694136581
208,lionel town,17.8101,-77.2406,28.94,80,98,1.53,JM,1694136581
209,katsuren-haebaru,26.3369,127.8719,29.43,80,40,4.63,JP,1694136582
210,iskushuban,10.2837,50.23,27.05,69,7,7.97,SO,1694136582
211,naze,28.3667,129.4833,26.51,75,100,1.88,JP,1694136583
212,iwon-up,40.3231,128.6553,23.42,73,10,1.89,KP,1694136583
213,gobabis,-22.45,18.9667,17.98,17,100,3.01,NA,1694136584
214,korla,41.7597,86.1469,23.42,29,8,3.09,CN,1694136584
215,rongelap,11.1635,166.8941,28.72,74,46,3.86,MH,1694136584
216,brezina,33.0989,1.2608,26.18,34,37,2.82,DZ,1694136585
217,yanchep,-31.55,115.6833,17.29,40,8,7.1,AU,1694136585
218,somotillo,13.0433,-86.9064,27.54,77,100,1.21,NI,1694136586
219,codrington,-38.2667,141.9667,8.03,89,100,17.02,AU,1694136586
220,toliara,-23.35,43.6667,18.31,84,0,5.19,MG,1694136586
221,fort mcmurray,56.7268,-111.381,15.77,67,40,2.06,CA,1694136587
222,lobujya,27.95,86.8167,3.16,87,100,1.24,NP,1694136587
223,askino,56.0901,56.5783,10.81,98,100,1.37,RU,1694136588
224,georgetown,5.4112,100.3354,29.41,83,20,2.06,MY,1694136436
225,port lincoln,-34.7333,135.8667,12.27,49,72,8.55,AU,1694136589
226,gaspe,48.8334,-64.4819,18.12,100,75,2.06,CA,1694136499
227,tabou,4.423,-7.3528,23.89,93,70,2.55,CI,1694136589
228,nganjuk,-7.6051,111.9035,27.68,56,64,4.34,ID,1694136590
229,el obeid,13.1842,30.2167,27.76,64,100,5.8,SD,1694136591
230,portland,45.5234,-122.6762,24.44,50,40,4.12,US,1694136139
231,kruisfontein,-34.0033,24.7314,10.42,85,100,1.3,ZA,1694136591
232,swift current,50.2834,-107.8014,19.45,37,0,3.09,CA,1694136503
233,marand,38.4329,45.7749,19.51,60,0,1.31,IR,1694136592
234,ola,59.5833,151.2833,16.19,70,12,1.92,RU,1694136593
235,anadyr,64.75,177.4833,9.28,66,0,7.0,RU,1694136593
236,pont rouge,48.8833,-72.0825,19.06,97,57,0.58,CA,1694136594
237,torres,-29.3353,-49.7269,22.7,85,86,5.86,BR,1694136594
238,fortaleza,-3.7227,-38.5247,27.34,78,75,7.2,BR,1694136594
239,nova petropolis,-29.3764,-51.1144,19.17,92,100,2.82,BR,1694136595
240,brookings,44.3114,-96.7984,19.54,66,75,2.06,US,1694136595
241,dakhla,23.6848,-15.958,21.74,88,81,5.56,EH,1694136596
242,vilyuysk,63.7553,121.6247,3.91,71,80,2.72,RU,1694136596
243,al khawr,25.7667,51.3167,31.7,72,0,2.66,QA,1694136597
244,orda,57.1951,56.9091,11.02,97,100,1.83,RU,1694136597
245,nabire,-3.3667,135.4833,29.71,68,65,1.23,ID,1694136597
246,champerico,14.3,-91.9167,29.04,75,49,3.79,GT,1694136598
247,uvira,-3.4067,29.1458,23.16,81,87,1.68,CD,1694136598
248,torquay,50.4638,-3.5143,18.81,93,100,0.85,GB,1694136599
249,sanya,18.2431,109.505,28.09,89,40,1.0,CN,1694136457
250,las khorey,11.1595,48.1967,30.42,67,1,1.77,SO,1694136599
251,dzhalagash,45.0833,64.6667,15.9,51,9,3.19,KZ,1694136600
252,new norfolk,-42.7826,147.0587,16.6,37,11,3.28,AU,1694136601
253,jalal-abad,40.9333,73.0,21.8,25,100,2.26,KG,1694136601
254,kununurra,-15.7667,128.7333,29.99,48,4,2.57,AU,1694136602
255,kalmunai,7.4167,81.8167,26.97,72,99,3.41,LK,1694136603
256,kencong,-8.2833,113.3667,27.23,61,37,1.7,ID,1694136604
257,kabalo,-6.05,26.9167,23.5,73,28,1.28,CD,1694136604
258,durres,41.3231,19.4414,18.1,57,76,4.53,AL,1694136605
259,linqiong,30.4159,103.4609,25.9,79,83,0.13,CN,1694136606
260,proletarsk,46.7031,41.7192,12.11,53,0,3.15,RU,1694136607
261,santa marta,11.2408,-74.199,29.03,74,75,2.06,CO,1694136379
262,puerto armuelles,8.2833,-82.8667,26.72,84,100,0.45,PA,1694136511
263,orchard homes,46.8633,-114.0484,22.38,56,59,0.45,US,1694136608
264,novodvinsk,64.4165,40.8122,3.94,97,6,2.24,RU,1694136608
265,paracatu,-17.2222,-46.8747,23.1,40,0,4.48,BR,1694136323
266,coyhaique,-45.5752,-72.0662,6.34,87,20,2.06,CL,1694136610
267,bazarak,35.3129,69.5152,16.92,33,0,3.38,AF,1694136610
268,xining,36.6167,101.7667,12.75,91,100,0.42,CN,1694136610
269,christchurch,-43.5333,172.6333,16.9,74,75,5.66,NZ,1694136430
270,liuli,-11.0833,34.6333,24.16,59,35,2.69,TZ,1694136612
271,moyale,3.5167,39.0584,20.1,71,97,5.11,KE,1694136612
272,al jahra',29.3375,47.6581,32.57,59,0,1.26,KW,1694136612
273,utraula,27.3167,82.4167,25.82,89,100,3.04,IN,1694136613
274,luderitz,-26.6481,15.1594,15.53,54,8,1.67,NA,1694136613
275,melitopol,46.8422,35.3731,13.67,43,0,3.8,UA,1694136614
276,chartres,48.4167,1.5,21.69,69,100,1.65,FR,1694136614
277,mili,6.0815,171.735,29.18,73,11,6.0,MH,1694136615
278,coahuayana de hidalgo,18.7,-103.6583,26.73,84,100,1.63,MX,1694136615
279,kolonia town,6.964,158.206,32.0,70,75,4.12,FM,1694136616
280,duverge,18.3784,-71.5247,26.16,90,52,0.53,DO,1694136616
281,kyzyl-mazhalyk,51.1333,90.6,11.08,60,28,0.74,RU,1694136617
282,moose jaw,50.4001,-105.5344,19.14,37,14,3.6,CA,1694136617
283,quang ngai,15.1167,108.8,30.38,70,96,1.44,VN,1694136618
284,ta`u,-14.2336,-169.5144,26.17,79,16,7.16,AS,1694136618
285,nadi,-17.8,177.4167,30.0,42,40,5.66,FJ,1694136592
286,det udom,14.906,105.0784,26.9,75,99,2.55,TH,1694136619
287,cidreira,-30.1811,-50.2056,17.52,91,100,8.99,BR,1694136619
288,phan thiet,10.9333,108.1,29.94,69,93,3.58,VN,1694136620
289,motygino,58.1831,94.7592,9.62,98,100,1.76,RU,1694136620
290,yuzhno-kurilsk,44.0306,145.8556,17.78,58,0,4.4,RU,1694136621
291,markovo,57.3206,107.0881,11.49,78,95,1.72,RU,1694136621
292,nar'yan-mar,67.6713,53.087,5.6,92,68,3.13,RU,1694136622
293,neryungri,56.6709,124.6491,1.74,83,89,8.16,RU,1694136622
294,soio,-6.1349,12.3689,22.84,91,0,2.57,AO,1694136623
295,nueva guinea,11.6876,-84.4562,23.27,95,67,2.51,NI,1694136624
296,trairi,-3.2778,-39.2689,25.76,83,6,5.62,BR,1694136333
297,alofi,-19.0595,-169.9187,24.26,76,6,8.07,NU,1694136624
298,volzhskiy,48.7858,44.7797,6.73,52,0,3.48,RU,1694136625
299,wynyard,-41.0,145.7167,6.66,82,100,2.39,AU,1694136625
300,melo,-32.3667,-54.1833,16.88,98,100,3.87,UY,1694136626
301,calvinia,-31.4707,19.776,11.97,22,50,2.04,ZA,1694136627
302,bereznik,62.8551,42.7072,7.8,85,100,4.41,RU,1694136627
303,vilyuchinsk,52.9306,158.4028,22.15,77,59,7.53,RU,1694136627
304,tionk essil,12.7856,-16.5217,25.03,88,100,1.79,SN,1694136628
305,bemidji,47.4736,-94.8803,15.31,83,0,3.6,US,1694136443
306,sawang daen din,17.4753,103.4575,28.38,100,100,1.09,TH,1694136629
307,eynesil,41.0645,39.1438,22.03,84,71,4.65,TR,1694136629
308,egilsstadir,65.2653,-14.3948,10.95,82,0,4.12,IS,1694136630
309,labytnangi,66.6572,66.4183,10.26,71,76,1.82,RU,1694136630
310,ventspils,57.3894,21.5606,5.96,100,75,0.0,LV,1694136631
311,qarazhal,48.0078,70.7903,14.79,68,100,2.37,KZ,1694136631
312,tashtagol,52.7657,87.8894,8.67,94,100,1.04,RU,1694136632
313,west fargo,46.875,-96.9004,19.0,56,0,2.57,US,1694136632
314,ulsteinvik,62.3432,5.8487,16.15,88,100,0.45,NO,1694136633
315,phayakkhaphum phisai,15.5163,103.1937,29.12,75,100,5.09,TH,1694136634
316,fort st. john,56.2499,-120.8529,16.94,36,75,4.63,CA,1694136634
317,juneau,58.3019,-134.4197,12.9,93,100,4.12,US,1694136635
318,hobyo,5.3505,48.5268,25.31,85,66,9.79,SO,1694136635
319,tanout,14.9709,8.8879,32.71,32,49,3.93,NE,1694136636
320,cacu,-18.5567,-51.1308,25.16,32,2,2.51,BR,1694136636
321,freyung,48.8,13.55,14.85,80,3,2.2,DE,1694136637
322,cuatro cienegas de carranza,26.9833,-102.0833,30.57,34,1,4.78,MX,1694136637
323,kerikeri,-35.2268,173.9474,17.28,49,0,2.95,NZ,1694136638
324,banff,51.1762,-115.5698,16.57,54,26,1.03,CA,1694136609
325,la'ie,21.6477,-157.9253,31.98,65,100,2.68,US,1694136639
326,gemena,3.25,19.7667,22.38,94,100,0.18,CD,1694136639
327,kisangani,0.5167,25.2,22.1,80,29,0.7,CD,1694136640
328,khekra,28.8667,77.2833,26.03,67,30,2.21,IN,1694136640
329,saurimo,-9.6608,20.3916,19.46,69,2,1.48,AO,1694136641
330,mossel bay,-34.1831,22.146,13.96,86,100,0.31,ZA,1694136641
331,mehran,33.1222,46.1646,32.76,15,0,2.48,IR,1694136642
332,queenstown,-31.8976,26.8753,10.81,32,33,1.66,ZA,1694136612
333,wagar,16.1525,36.2032,30.76,59,48,7.91,SD,1694136643
334,madalena,41.2162,-8.3345,21.37,88,20,1.01,PT,1694136643
335,qaisumah,28.3112,46.1273,30.98,20,0,3.09,SA,1694136644
336,lodja,-3.4833,23.4333,21.35,87,33,0.85,CD,1694136644
337,kirakira,-10.4544,161.9205,28.56,74,100,7.37,SB,1694136644
338,tumaco,1.7986,-78.8156,25.41,85,56,2.61,CO,1694136645
339,tsiombe,-25.3,45.4833,18.3,78,67,2.01,MG,1694136645
340,concepcion,-36.827,-73.0498,9.89,100,75,1.03,CL,1694136646
341,laguna,38.421,-121.4238,32.73,33,0,4.12,US,1694136647
342,keelung,25.1283,121.7419,27.75,85,100,3.09,TW,1694136647
343,winnemucca,40.973,-117.7357,29.03,17,20,5.14,US,1694136647
344,santa terezinha,-29.9002,-50.0904,17.73,92,100,8.18,BR,1694136648
345,taoudenni,22.6783,-3.9836,36.88,22,94,8.62,ML,1694136648
346,vygonichi,53.0985,34.0673,7.17,82,58,2.95,RU,1694136649
347,balykshi,47.0667,51.8667,14.0,94,75,3.0,KZ,1694136649
348,malangali,-8.5667,34.85,16.95,79,9,4.52,TZ,1694136650
349,kurumkan,54.3,110.3,13.47,64,6,1.5,RU,1694136650
350,port augusta,-32.5,137.7667,13.71,37,5,9.04,AU,1694136383
351,ankazoabo,-22.2833,44.5167,16.42,89,3,3.78,MG,1694136651
352,fale old settlement,-9.3852,-171.2468,28.42,71,100,4.9,TK,1694136379
353,adam,22.3756,57.5233,25.41,70,18,2.17,OM,1694136652
354,guerrero negro,27.9769,-114.0611,24.54,61,7,5.88,MX,1694136652
355,udachny,66.4167,112.4,1.36,92,44,7.11,RU,1694136653
356,gisborne,-38.6533,178.0042,14.77,67,0,4.11,NZ,1694136516
357,bay roberts,47.5999,-53.2648,20.59,98,100,0.89,CA,1694136653
358,kourou,5.1552,-52.6478,27.03,85,100,4.93,GF,1694136606
359,senanga,-16.1167,23.2667,18.41,26,0,2.75,ZM,1694136654
360,kimbe,-5.5502,150.1429,32.79,56,80,2.34,PG,1694136654
361,san julian,21.0167,-102.1667,15.81,83,100,2.46,MX,1694136655
362,vikhorevka,56.1201,101.1636,10.77,79,100,4.27,RU,1694136655
363,langtoucun,40.0261,124.3286,25.5,67,69,0.25,CN,1694136656
364,iquique,-20.2208,-70.1431,19.02,78,22,1.53,CL,1694136564
365,huarmey,-10.0681,-78.1522,19.21,83,13,4.62,PE,1694136657
366,muscle shoals,34.7448,-87.6675,23.88,76,0,0.45,US,1694136657
367,langsa,4.4683,97.9683,29.74,66,69,0.82,ID,1694136658
368,kot radha kishan,31.1725,74.0997,28.06,55,0,2.25,PK,1694136658
369,cestos city,5.46,-9.5828,24.8,88,64,3.71,LR,1694136659
370,baie-comeau,49.2168,-68.1489,16.82,94,100,1.54,CA,1694136564
371,barcelos,41.5388,-8.6151,22.14,89,71,1.68,PT,1694136659
372,nouadhibou,20.931,-17.0347,24.99,78,85,3.6,MR,1694136660
373,chonchi,-42.6128,-73.8092,7.84,97,100,1.15,CL,1694136661
374,bhamo,24.2667,97.2333,28.82,73,47,0.78,MM,1694136661
375,sandnessjoen,66.0217,12.6316,14.29,97,100,9.51,NO,1694136662
376,phalodi,27.1333,72.3667,32.14,47,29,3.57,IN,1694136663
377,massawa,15.6097,39.45,33.19,61,92,3.82,ER,1694136664
378,san luis de la loma,17.2706,-100.8939,27.61,81,100,1.58,MX,1694136664
379,axtla de terrazas,21.4667,-98.85,27.06,84,31,1.89,MX,1694136665
380,vila franca do campo,37.7167,-25.4333,20.23,78,88,4.3,PT,1694136665
381,khmilnyk,49.5598,27.9575,10.47,47,4,1.59,UA,1694136666
382,revda,56.801,59.9303,9.71,98,100,1.83,RU,1694136667
383,tortoli,39.9256,9.6572,23.9,60,0,4.63,IT,1694136667
384,narasapur,16.45,81.6667,27.64,84,95,3.05,IN,1694136667
385,mil'kovo,55.6078,37.7956,11.86,64,100,4.86,RU,1694136668
386,sequim,48.0795,-123.1018,18.84,74,100,2.24,US,1694136668
387,carutapera,-1.195,-46.02,25.64,80,2,3.71,BR,1694136669
388,lodwar,3.1191,35.5973,24.24,71,32,3.29,KE,1694136669
389,albertina,-22.2008,-46.6158,17.27,57,100,2.72,BR,1694136669
390,maun,-19.9833,23.4167,13.98,41,0,1.54,BW,1694136670
391,pandan,14.0453,124.1694,31.06,63,100,0.83,PH,1694136670
392,bandarbeyla,9.4942,50.8122,25.37,82,97,10.29,SO,1694136671
393,morant bay,17.8815,-76.4093,28.79,80,71,2.48,JM,1694136671
394,lawton,34.6087,-98.3903,35.95,24,0,3.6,US,1694136672
395,uturoa,-16.7333,-151.4333,26.05,76,3,3.24,PF,1694136672
396,maya,11.2743,124.0579,29.35,69,7,1.71,PH,1694136672
397,salinas,36.6777,-121.6555,22.77,76,0,5.14,US,1694136673
398,arraial do cabo,-22.9661,-42.0278,20.77,93,67,5.91,BR,1694136668
399,aldinga beach,-35.2793,138.4604,12.37,54,37,8.9,AU,1694136674
400,deneysville,-26.8908,28.0971,9.57,10,100,1.08,ZA,1694136674
401,presidente medici,-11.1753,-61.9014,28.87,43,7,1.47,BR,1694136675
402,papao,-17.75,-149.55,27.82,77,12,5.87,PF,1694136675
403,murzuq,25.9155,13.9184,25.97,23,0,3.9,LY,1694136675
404,kyshtovka,56.555,76.6271,9.99,96,100,0.4,RU,1694136676
405,moussoro,13.6408,16.4901,31.34,46,48,3.59,TD,1694136676
406,kayes,14.0,-11.0,23.68,92,64,0.92,ML,1694136677
407,vernon,50.2581,-119.2691,26.24,34,99,1.03,CA,1694136574
408,newman,37.3138,-121.0208,32.38,30,0,2.68,US,1694136677
409,norderney,53.7,7.15,18.88,71,6,5.15,DE,1694136678
410,three points,32.0767,-111.3137,37.42,11,0,3.6,US,1694136678
411,kayattar,8.95,77.8,27.72,65,100,4.83,IN,1694136679
412,ingeniero jacobacci,-41.3427,-69.5448,4.56,76,99,6.53,AR,1694136679
413,castillos,-34.1667,-53.8333,13.99,99,100,1.49,UY,1694136680
414,hermansverk,61.1846,6.8502,15.25,76,75,1.03,NO,1694136680
415,praia da vitoria,38.7333,-27.0667,21.14,78,40,4.71,PT,1694136681
416,dhoro naro,25.5,69.5667,28.48,63,94,3.38,PK,1694136681
417,okakarara,-20.5833,17.4333,16.07,19,100,1.57,NA,1694136682
418,nadym,65.5333,72.5167,10.39,54,7,1.09,RU,1694136682
419,kirensk,57.7853,108.1119,8.28,76,98,0.64,RU,1694136683
420,namibe,-15.1961,12.1522,17.77,92,31,3.12,AO,1694136683
421,iskateley,67.6803,53.1512,5.53,92,66,3.12,RU,1694136684
422,yelm,46.942,-122.606,21.41,50,100,1.54,US,1694136540
423,rosarito,32.3333,-117.0333,28.15,73,3,3.93,MX,1694136684
424,kataysk,56.289,62.5841,13.45,68,100,3.71,RU,1694136685
425,kapa'a,22.0752,-159.319,29.71,63,0,6.17,US,1694136685
426,nampa,43.5407,-116.5635,30.66,36,0,3.6,US,1694136685
427,kavaratti,10.5669,72.642,27.33,82,100,7.5,IN,1694136686
428,ormond-by-the-sea,29.3491,-81.0665,28.33,84,0,0.89,US,1694136686
429,piacabucu,-10.4056,-36.4344,23.11,83,33,4.01,BR,1694136687
430,geneina,13.45,22.45,25.15,60,100,3.01,SD,1694136687
431,kotovo,50.3211,44.8012,7.08,65,8,3.27,RU,1694136687
432,holualoa,19.6228,-155.9522,28.21,74,20,4.63,US,1694136688
433,dukhan,25.4297,50.7858,32.6,69,0,4.17,QA,1694136688
434,businga,3.3333,20.8833,22.64,97,100,0.84,CD,1694136689
435,turbo,8.0937,-76.7269,27.07,90,100,2.67,CO,1694136689
436,susuman,62.7833,148.1667,8.26,62,92,0.8,RU,1694136690
437,ghanzi,-21.5667,21.7833,17.95,20,36,3.83,BW,1694136690
438,katsuura,35.1333,140.3,23.01,90,100,5.0,JP,1694136690
439,bouca,6.5105,18.2733,21.19,96,100,1.19,CF,1694136691
440,princeville,45.7668,-61.2985,19.62,97,100,3.13,CA,1694136691
441,mount darwin,-16.7725,31.5838,13.81,68,0,0.93,ZW,1694136692
442,novo aripuana,-5.1206,-60.3797,30.36,38,83,1.1,BR,1694136692
443,xiuyan,40.2928,123.2744,25.4,73,89,1.88,CN,1694136693
444,yung shue wan,22.2333,114.1167,26.29,96,100,5.99,HK,1694136693
445,bayganin,48.6947,55.8742,15.22,81,88,2.98,KZ,1694136694
446,san jose del guaviare,2.5729,-72.6459,23.66,84,100,0.85,CO,1694136694
447,archangelos,36.2149,28.1149,25.73,62,7,1.44,GR,1694136695
448,lompoc,34.6391,-120.4579,24.32,79,0,3.13,US,1694136631
449,pechora,65.1472,57.2244,10.67,90,84,1.24,RU,1694136695
450,kamina,-8.7386,24.9906,21.35,59,83,1.18,CD,1694136696
451,sosua,19.7667,-70.5167,28.95,84,40,0.0,DO,1694136696
452,forrest city,35.0081,-90.7898,21.92,55,0,1.88,US,1694136697
453,al wajh,26.2455,36.4525,29.97,66,0,2.06,SA,1694136697
454,tarinkot,32.6268,65.8733,22.09,12,0,1.72,AF,1694136698
455,cabo san lucas,22.8909,-109.9124,28.75,85,100,2.06,MX,1694136603
456,atafu village,-8.5421,-172.5159,28.52,70,76,4.89,TK,1694136698
457,san antonio de pale,-1.4014,5.6325,23.76,84,100,5.45,GQ,1694136699
458,karratha,-20.7377,116.8463,25.7,20,2,8.28,AU,1694136699
459,mooirivier,-29.2082,29.9946,10.64,38,52,0.92,ZA,1694136700
460,barberton,-25.7884,31.0532,14.03,70,0,1.68,ZA,1694136701
461,tuba city,36.135,-111.2399,29.65,25,0,3.24,US,1694136701
462,ghat,24.9647,10.1728,28.72,28,0,1.58,LY,1694136701
463,alesund,62.4723,6.1549,16.16,94,97,2.06,NO,1694136702
464,ulety,51.3572,112.4849,14.89,50,72,4.11,RU,1694136702
465,stornoway,58.2093,-6.3865,17.27,89,86,2.57,GB,1694136703
466,remire-montjoly,4.9167,-52.2667,27.02,83,20,1.54,GF,1694136703
467,meadow lakes,61.6247,-149.6011,10.76,85,100,2.06,US,1694136703
468,richards bay,-28.783,32.0377,16.76,70,1,2.99,ZA,1694136704
469,hirara,24.8,125.2833,28.15,83,75,5.14,JP,1694136704
470,gadzhiyevo,69.2551,33.3362,7.18,84,86,4.94,RU,1694136705
471,mananjary,-21.2167,48.3333,19.89,91,43,1.31,MG,1694136705
472,sarapul,56.4763,53.7978,6.32,89,100,3.32,RU,1694136705
473,tambacounda,13.7539,-13.7586,23.29,98,100,2.41,SN,1694136706
474,tubarjal,30.4999,38.216,27.18,25,0,4.61,SA,1694136706
475,cromer,52.9312,1.2989,14.0,75,97,1.25,GB,1694136707
476,kudahuvadhoo,2.6708,72.8944,27.81,75,100,3.17,MV,1694136707
477,pingliang,35.5392,106.6861,20.86,65,8,2.33,CN,1694136707
478,mata-utu,-13.2816,-176.1745,27.24,73,21,7.55,WF,1694136708
479,takaungu,-3.6837,39.8566,23.38,89,28,3.86,KE,1694136708
480,glace bay,46.1969,-59.957,19.49,98,100,3.6,CA,1694136438
481,amursk,50.2261,136.8994,22.42,57,100,10.63,RU,1694136709
482,sinton,28.0367,-97.5092,31.77,64,0,5.68,US,1694136709
483,kapuskasing,49.4169,-82.4331,9.05,81,40,4.63,CA,1694136710
484,shakawe,-18.3667,21.85,18.18,20,0,1.06,BW,1694136710
485,essaouira,31.5125,-9.77,18.72,94,40,1.03,MA,1694136711
486,kiunga,-6.1219,141.2906,22.88,96,100,0.74,PG,1694136711
487,flying fish cove,-10.4217,105.6791,24.82,78,100,5.14,CX,1694136712
488,tamanrasset,22.785,5.5228,26.95,26,40,2.06,DZ,1694136712
489,inyonga,-6.7167,32.0667,19.25,82,41,1.48,TZ,1694136712
490,kardla,58.9978,22.7492,16.14,83,100,4.99,EE,1694136713
491,hatillo,18.4863,-66.8254,28.21,89,46,0.45,PR,1694136713
492,perugorria,-29.3413,-58.6106,15.29,93,100,5.22,AR,1694136714
493,sweet home,44.3976,-122.7362,24.34,57,54,1.34,US,1694136714
494,mallawi,27.7314,30.8417,30.34,29,0,4.8,EG,1694136714
495,surahammar,59.7072,16.2219,14.59,94,95,2.37,SE,1694136715
496,clarence town,-32.5833,151.7833,17.21,66,95,6.98,AU,1694136715
497,talcahuano,-36.7167,-73.1167,9.82,100,75,1.03,CL,1694136716
498,yeed,4.55,43.0333,22.87,71,67,6.65,SO,1694136716
499,narasannapeta,18.4167,84.05,27.93,81,100,4.65,IN,1694136716
500,zag,46.9441,99.165,12.43,37,8,4.02,MN,1694136717
501,nantucket,41.2835,-70.0995,23.34,98,0,2.57,US,1694136718
502,broken hill,-31.95,141.4333,12.83,32,6,10.7,AU,1694136674
503,porto novo,6.4965,2.6036,25.9,91,53,3.22,BJ,1694136718
504,mongo,12.1844,18.693,27.3,65,100,1.87,TD,1694136719
505,east london,-33.0153,27.9116,16.39,54,62,0.81,ZA,1694136719
506,ocean city,39.2776,-74.5746,26.21,87,6,1.34,US,1694136602
507,la sarre,48.8002,-79.1996,7.97,97,100,5.19,CA,1694136720
508,kolondieba,11.0882,-6.8926,22.72,89,22,0.7,ML,1694136720
509,benxi,41.2886,123.765,26.18,52,93,2.53,CN,1694136686
510,ust'-kut,56.7938,105.7672,11.96,80,97,1.61,RU,1694136721
511,klyuchi,52.2667,79.1667,12.63,60,97,0.66,RU,1694136722
512,santa ana de yacuma,-13.75,-65.4333,30.3,30,12,2.73,BO,1694136722
513,altamira,-3.2033,-52.2064,27.11,55,68,1.43,BR,1694136678
514,scarborough,54.2797,-0.4044,14.96,92,100,0.89,GB,1694136723
515,lubang,13.8584,120.124,28.42,72,22,1.49,PH,1694136724
516,kawm umbu,24.4767,32.9463,33.04,16,0,2.65,EG,1694136724
517,boysun,38.2061,67.1986,20.0,22,0,1.68,UZ,1694136725
518,zaragoza,41.6561,-0.8773,22.79,57,0,2.57,ES,1694136623
519,hyesan,41.4017,128.1778,24.27,54,42,0.52,KP,1694136725
520,bridgewater,44.3835,-64.5155,19.82,95,0,1.03,CA,1694136695
521,santo antonio do leverger,-15.8656,-56.0767,29.21,44,10,1.72,BR,1694136726
522,olinda,-8.0089,-34.8553,23.85,88,75,4.63,BR,1694136727
523,sa pa,22.3402,103.8441,21.71,74,5,0.67,VN,1694136727
524,ishinomaki,38.4167,141.3,25.0,70,100,3.31,JP,1694136727
525,lucheng,31.2336,117.2806,28.02,71,0,4.54,CN,1694136728
526,kigonsera,-10.8,35.05,17.22,54,56,1.49,TZ,1694136728
527,laojunmiao,39.8333,97.7333,18.68,30,28,4.12,CN,1694136729
528,conceicao da barra,-18.5933,-39.7322,21.35,80,3,2.73,BR,1694136729
529,boyolangu,-8.1181,111.8935,26.6,64,55,4.09,ID,1694136729
530,alice springs,-23.7,133.8833,14.75,53,49,25.48,AU,1694136730
531,kamiiso,41.8167,140.65,25.21,69,75,7.72,JP,1694136730
532,kifri,34.6959,44.9661,29.79,20,0,2.36,IQ,1694136731
533,nova sintra,14.8667,-24.7167,24.59,81,70,8.97,CV,1694136731
534,seaside,36.6111,-121.8516,19.84,83,20,3.6,US,1694136731
535,mpika,-11.8343,31.4529,14.8,48,3,2.55,ZM,1694136732
536,kasempa,-13.4584,25.8338,16.78,35,0,2.41,ZM,1694136732
537,torghay,49.6339,63.4981,15.2,89,88,2.33,KZ,1694136733
538,sosnogorsk,63.6023,53.8817,12.6,96,100,1.72,RU,1694136733
539,manta,-0.95,-80.7333,24.88,78,100,5.14,EC,1694136733
540,kuragino,53.8975,92.6725,10.87,65,86,1.61,RU,1694136734
541,kaa-khem,51.6833,94.7333,11.96,60,79,0.6,RU,1694136734
542,khorixas,-20.3667,14.9667,19.48,40,95,2.72,NA,1694136735
543,turinsk,58.0458,63.696,8.44,78,8,2.78,RU,1694136735
544,kingston,17.997,-76.7936,28.53,86,40,5.14,JM,1694136582
545,viedma,-40.8135,-62.9967,7.84,84,3,4.49,AR,1694136737
546,chukhloma,58.7525,42.6825,6.32,94,100,4.64,RU,1694136738
547,novosergiyevka,52.0934,53.6528,7.44,89,7,3.2,RU,1694136738
548,yaren,-0.5472,166.916,28.99,74,100,6.12,NR,1694136738
549,pithora,21.2667,82.5167,24.86,88,99,2.07,IN,1694136739
550,manggar,-2.8833,108.2667,28.61,72,55,6.16,ID,1694136739
551,pangai,-19.8,-174.35,26.06,73,40,9.26,TO,1694136740
552,makary,12.5717,14.4666,28.81,52,64,2.69,CM,1694136740
553,crane,31.3974,-102.3501,32.61,28,0,5.52,US,1694136741
554,ares,-6.1944,-35.1603,24.05,87,9,4.52,BR,1694136741
555,kotido,2.9806,34.1331,19.48,77,73,2.09,UG,1694136741
556,usinsk,65.9939,57.5281,12.29,92,100,3.6,RU,1694136742
557,niort,46.3333,-0.3333,20.65,78,99,2.39,FR,1694136742
